audio,output,flag,username,timestamp
C:\Users\lenovo\Desktop\some project\reale time voice chat with gpt\gradio\flagged\audio\tmp6ez6jvwq.wav,,,,2023-05-10 09:23:44.269685
C:\Users\lenovo\Desktop\some project\reale time voice chat with gpt\gradio\flagged\audio\tmpkdzhur1t.wav,,,,2023-05-10 09:23:45.805282
C:\Users\lenovo\Desktop\some project\reale time voice chat with gpt\gradio\flagged\audio\tmpwca1a8pz.wav,,,,2023-05-10 09:26:41.480625
C:\Users\lenovo\Desktop\some project\reale time voice chat with gpt\gradio\flagged\audio\tmp18lxsnic.wav,,,,2023-05-10 10:40:27.688028
,,,,2023-05-10 10:52:56.073752
"help to solve this equation:{ 
8x+2y=46
7x+3y=47
​.Dont give direct solution.
 dont give answer of exercice.
",what is the solution please??,"['what is the solution please??', ('help to solve this equation:{ \n8x+2y=46\n7x+3y=47\n\u200bdont give direct solution.\n \n', 'To solve this equation, use the Elimination Method. First, multiply one of the equations by a number that will make the coefficients of x the same in both equations. Then, add the two equations together to eliminate one of the variables. Finally, solve for the remaining variable. \n\nFor example: \n\nMultiply the first equation by 3 and the second equation by 2: \n\n24x + 6y = 138 \n14x + 6y = 94\n\nAdd the two equations together: \n\n38x + 12y = 232\n\nDivide both sides of the equation by 12 and you will get: \n\nx = 19.3\n\nSubstitute x into either equation')]","['what is the solution please??', ('help to solve this equation:{ \n8x+2y=46\n7x+3y=47\n\u200bdont give direct solution.\n \n', 'To solve this equation, use the Elimination Method. First, multiply one of the equations by a number that will make the coefficients of x the same in both equations. Then, add the two equations together to eliminate one of the variables. Finally, solve for the remaining variable. \n\nFor example: \n\nMultiply the first equation by 3 and the second equation by 2: \n\n24x + 6y = 138 \n14x + 6y = 94\n\nAdd the two equations together: \n\n38x + 12y = 232\n\nDivide both sides of the equation by 12 and you will get: \n\nx = 19.3\n\nSubstitute x into either equation')]",,,2023-05-17 23:54:18.886454
,,,,2023-05-21 12:07:04.150043
,,,,2023-05-22 14:13:13.044835
,,,,2023-05-22 14:13:15.221924
C:\Users\lenovo\Desktop\someProject\reale_time_voice_chat_with_gpt\gradio\flagged\audio\tmp9wxrikm5.wav,"user: Hello there!

assistant: Hi! How can I assist you today?

user: Кочка, може ли да ми кажеш за Денис Тугай? Денис Тугай, Оливърт.

assistant: Sorry, I cannot speak in Bulgarian. Please speak in English.

user: What time is it?

assistant: I'm sorry, I am an AI language model and I do not have access to real-time information.

",,,2023-05-22 14:13:57.259172
